E W Brown,,,,,,,,,,,,,,,,,,,,,,,,,,,,,,,,,,,,,,,,,,,,,,,,,,,,,,,,,,,,,,,,,,,,,,,,,,,,,,,,,,,,,,,,,,,,,,,,,,,,,,,,,,,,,,,,,,,,,,,,,,,,,,,,,,,,,,,,,,,,,,,,,,,,,,,,,,,,,,,,,,,,,,,,,,,,,,,,,,,,,,,,,,,,,,,,,,,,,,,,,,,,,,,,,,,,,,,,,,,,,,,,,,,,,,,,,,,,,,,,,,,,,,,,,,,,,,,,,,,,,,,,,,,,,,,,
Net generation,megawatthours,,,,,,,,,,,,,,,,,,,,,,,,,,,,,,,,,,,,,,,,,,,,,,,,,,,,,,,,,,,,,,,,,,,,,,,,,,,,,,,,,,,,,,,,,,,,,,,,,,,,,,,,,,,,,,,,,,,,,,,,,,,,,,,,,,,,,,,,,,,,,,,,,,,,,,,,,,,,,,,,,,,,,,,,,,,,,,,,,,,,,,,,,,,,,,,,,,,,,,,,,,,,,,,,,,,,,,,,,,,,,,,,,,,,,,,,,,,,,,,,,,,,,,,,,,,,,,,,,,,,,,,,,,,,,,,
All primemovers (ALL),megawatthours,,,,,,,,,,,,,,,,,,,,,,,,,,,,,,,,,,,,,,,,,,,,,,,,,,,,,,,,,,,,,,,,,,,,,,,,,,,,,,,,,,,,,,,,,,,,,,,,,,,,,,,,,,,,,,,,,,,,,,,,,,,,,,,,,,,,,,,,,,,,,,,,,,,,,,,,,,,,,,,,,,,,,,,,,,,,,,,,,,,,,,,,,,,,,,,,,,,,,,,,,,,,,,,,,,,,,,,,,,,,,,,,,,,,,,,,,,,,,,,,,,,,,,,,,,,,,,,,,,,,,,,,,,,,,,,
Net generation-all primemovers-,megawatthours,344783,342427,412843,230432,301447,258258,344902,420145,352842,392881,290476,224550,384381,305714,397578,351945,334579,420473,474782,399343,362832,54210,200971,318807,446652,--,209395,--,395199,323193,392490,399742,323007,247566,324491,354780,380744,398672,287087,142510,390334,353545,371969,322670,318346,342581,161092,350233,406873,356120,391387,223953,153500,315496,436745,456102,260429,176975,158861,346975,281741,287252,301676,312000,190671,338553,442479,463282,276387,256998,334737,319378,339687,400569,338388,162958,346273,354270,344198,509202,309404,323753,327731,349727,361602,342970,421889,267096,264760,379539,395347,375135,331722,314623,378538,359972,388511,280256,216173,77934,123150,201684,225635,257648,158339,170246,170931,310933,372265,290897,192044,105816,176160,347023,342677,372026,245103,184250,223674,280014,290526,209202,297063,133138,290974,282769,335637,326358,121002,42141,91888,150068,123019,184007,153492,177520,324463,309972,394407,335997,215842,50218,100767,246306,296134,227085,228777,289040,283473,233628,248418,248127,231390,216527,222342,236466,375504,294817,345422,162416,319466,250933,261630,278610,182406,164348,270267,236905,271943,329229,305708,262594,249386,264843,234223,257318,194105,102955,219442,137880,209187,130477,110443,165696,176246,329981,299293,232802,212944,164582,143575,91265,134723,31074,175793,135046,97148,164391,217118,134923,69191,184113,243101,70821,355762,99320,338960,169070,216297,241765,188531,125608,182787,257227,328052,40085,186743,20753,179311,170434,118786,38346,177785,143955,170990,85419,95546,41911,107118,101076,63884,116419,127048,96949,195113,140906,115407,126272,33596,58055,19975,143991,119105,114725,86525,119136,151027,115994,18980,130215,57218,36683,201086,95771,94660,103581,78773,266191,179053,82885,58184,64063,74052,83695,30180,5532,23748,115594,7331,132438,160299
Net generation-all primemovers-,megawatthours,343877,340644,405666,215728,288064,240369,315731,386191,340149,389308,286556,219854,375115,298884,389635,320547,326393,388672,404919,364401,336261,47616,190975,315906,435416,347377,206307,362850,392519,322197,389517,389703,323293,247891,322581,352848,375876,396928,283393,134575,384531,346010,370285,319779,318279,341529,160749,349817,384473,355817,390959,209752,70428,176914,404932,419016,213933,160542,128207,303724,276648,278273,285583,310594,160563,275232,323263,369675,273144,256203,333507,318092,339262,388835,335606,144204,333561,344519,339647,422001,285113,309785,323192,333498,347914,333443,416685,266618,263928,370729,386091,364498,328474,315007,372415,352152,364609,259864,208931,72491,123433,195879,224956,253312,147302,169300,171115,307798,355644,289330,192239,101701,168732,330779,325135,341464,232278,181726,220385,258748,287544,205398,295983,131001,281756,271773,308784,311087,118561,38736,90354,150428,118490,183838,143301,145018,258173,292716,330356,306330,201732,43186,97846,241271,285054,226693,223443,277291,277008,229411,217342,239211,222186,205293,214586,231917,257124,232624,281938,81128,304707,229738,228023,255338,172992,156602,221419,209831,214640,196172,196746,108699,180728,203796,206878,226305,168368,60964,130609,134768,143491,99503,11111,117631,153347,246146,234144,196603,189639,126662,126609,82644,100744,14388,162296,101925,86029,145470,183698,118523,57851,167903,216245,57112,232423,92841,284448,90596,175819,212997,154159,99506,154683,227704,289421,16689,126288,16656,153959,144551,94701,20731,131896,96290,131717,18598,-2221,19294,99040,82747,39434,111426,118152,82100,134016,119477,107914,93671,29048,51653,16934,137895,106360,105063,78253,98699,125700,90765,9254,119806,25869,15982,135958,89721,88540,97530,49246,134856,98042,67027,47568,53305,70443,51257,29737,1296,17087,109168,1510,120856,147411
Net generation-all primemovers-,megawatthours,807,19,158,4040,1089,1543,948,674,476,90,380,2405,6752,560,628,13178,858,6,86,586,346,360,2176,986,1219,--,1520,512,130,1670,29,0,570,452,328,914,1859,79,1779,224,682,539,591,552,67,430,343,226,7356,249,531,109,4909,1086,192,194,1296,62,175,1234,1286,729,1013,471,668,5844,1237,436,664,385,186,78,425,166,2008,2266,560,151,1146,343,314,202,969,5958,205,387,377,1010,743,359,277,677,271,43,1764,4086,318,1974,242,808,382,1024,679,600,757,494,564,179,504,109,492,114,674,1651,404,512,600,318,648,429,326,603,598,611,525,379,270,102,350,528,1645,597,734,488,771,896,332,515,108,213,395,369,882,714,344,362,989,279,310,308,533,465,403,542,284,515,149,307,334,828,381,671,1928,180,346,121,639,671,307,180,167,311,952,411,2014,168,359,170,446,372,931,3337,168,867,408,360,403,719,289,845,790,233,565,272,295,253,677,438,304,376,192,246,104,937,608,469,877,136,527,387,63,322,114,465,440,2134,662,1594,2,5,279,397,316,306,221,20,-4,1141,341,247,11,290,193,7,1963,39,1,250,38,1175,353,7,149,211,338,424,8,459,203,0,18,343,332,361,4,640,662,62,140,405,374,13,267,6900,810,0,252,7,235,431,348
Net generation-all primemovers-,megawatthours,99,1764,7019,10664,12294,16346,28223,33280,12217,3483,3540,2291,2514,6270,7315,18220,7328,31795,69777,34356,26225,6234,7820,1915,10017,-645,1568,--,2550,-674,2944,10039,-856,-777,1582,1018,3009,1665,1915,7711,5121,6996,1093,2339,0,622,0,190,15044,54,-103,14092,78163,137496,31621,36892,45200,16371,30479,42017,3807,8250,15080,935,29440,57477,117979,93171,2579,410,1044,1208,0,11568,773,16487,12152,9600,3405,86858,23977,13766,3570,10271,13483,9140,4827,-532,89,8451,8979,9960,2977,-428,4359,3734,23584,18418,7000,4635,-665,4781,0,3736,10280,452,-748,2956,16117,1458,-687,4001,6754,14593,17138,30050,12225,2206,2641,20837,2656,3201,482,1526,8693,10617,26583,15169,2091,2877,-111,-957,3795,-319,9420,31606,65958,16741,63943,29454,13715,6663,2039,4321,10736,30,4345,11470,6155,3909,30543,8451,8801,10692,7472,4034,118231,61886,63150,80460,14378,20524,31679,23092,9068,7625,48209,26403,56996,132877,108795,153584,67706,60636,25331,30845,25378,41821,88387,2740,64765,27636,99164,47198,22491,81240,62777,33532,21104,35456,14952,7563,32903,15268,11675,31174,8512,16318,31240,14444,9441,14497,25730,11948,121900,5178,52211,76556,37889,26309,32223,23976,26721,27662,37412,20569,59047,1670,23831,24159,22011,15377,43489,45354,37200,65404,96738,20816,6929,17256,23197,3066,6935,12935,57074,19616,5904,31165,3389,4538,1978,5519,10994,7760,6045,18241,23460,23087,7958,9165,30166,19578,64138,4591,4683,3872,27068,129169,79147,13637,8584,9190,2377,24844,-1026,3170,5063,4615,3731,9379,10735
Net generation-all primemovers-,megawatthours,--,--,--,--,--,--,--,--,--,--,--,--,--,--,--,--,--,--,--,--,--,--,--,--,--,--,--,--,--,--,--,--,--,--,--,--,--,--,--,--,--,--,--,--,--,--,--,--,--,--,--,--,--,--,--,--,--,--,--,--,--,--,--,--,--,--,--,--,--,--,--,--,--,--,--,--,--,--,--,--,--,--,--,--,--,--,--,--,--,--,--,--,--,--,--,--,--,--,--,--,--,--,--,--,--,--,--,--,--,--,--,--,--,--,--,--,--,--,--,--,--,--,--,--,--,--,--,--,--,--,--,--,--,--,--,--,--,--,--,--,--,--,--,--,--,--,--,--,--,--,--,--,--,--,--,--,--,--,--,--,--,--,--,--,--,--,--,--,--,--,--,--,--,--,--,--,--,--,--,--,--,--,--,--,0,2235,1969,1948,1912,1619,1224,825,511,1146,1527,1694,1930,2165,1876,1580,1707,1467,1022,824,831,832,1424,1782,2062,2072,2086,1804,1269,1396,779,693,746,833,1519,1719,1795,1842,2084,2005,1852,1397,1033,660,808,826,1242,1637,1768,1907,2059,1774,1588,1186,1121,689,709,570,1602,1691,1888,1772,1859,1683,1565,1244,1165,779,658,1098,1433,1539,1797,2104,1724,1816,1658,1555,965,695,659,1066,1346,1804,1855,1771,1805
Net generation-combustion (gas) turbine (including jet engine design)-,megawatthours,--,--,--,--,--,--,--,--,--,--,--,--,--,--,--,--,--,--,--,--,--,--,--,--,1142,--,632,0,0,0,0,0,0,0,0,599,1085,0,1643,0,0,0,0,0,0,0,0,0,6992,-134,0,0,4625,0,0,0,1071,0,0,0,610,17,279,55,32,5308,636,0,246,0,106,0,0,111,1714,2202,0,0,0,0,0,0,0,5381,0,0,0,0,0,0,--,--,--,-545,1666,3571,32,1509,0,0,0,175,0,0,0,0,0,0,200,0,0,0,0,1464,0,0,0,0,0,0,0,0,0,0,14,0,0,0,0,0,0,0,0,0,0,0,0,0,0,0,0,0,15,36,0,0,137,0,0,0,0,0,0,0,50,57,0,0,--,0,46,131,1568,0,31,0,215,111,0,0,0,0,203,0,1464,0,0,0,0,113,291,2614,0,0,0,57,0,0,0,0,109,0,0,0,0,0,27,0,0,0,0,0,0,118,0,0,0,0,0,131,0,0,0,0,216,2127,0,1193,0,0,0,160,0,0,0,0,0,259,0,0,0,0,193,0,1683,0,0,0,0,0,146,7,0,0,48,0,0,0,0,0,0,63,0,0,0,320,60,0,0,0,0,0,0,6645,0,0,0,0,0,78,0
Net generation-combustion (gas) turbine (including jet engine design)-,megawatthours,--,--,--,--,--,--,--,--,--,--,--,--,--,--,--,--,--,--,--,--,--,--,--,--,10017,-645,1568,--,2550,-674,2944,10039,-856,-777,1582,1018,3009,1665,1915,7711,5121,6996,1093,2339,0,622,0,190,15044,54,-103,14092,78163,137496,31621,36892,45200,16371,30479,42017,3807,8250,15080,935,29440,57477,117979,93171,2579,410,1044,1208,0,11568,773,16487,12152,9600,3405,86858,23977,13766,3570,10271,13483,9140,4827,-532,89,8451,8979,9960,2977,-428,4359,3734,23584,18418,7000,4635,-665,4781,0,3736,10280,452,-748,2956,16117,1458,-687,4001,6754,14593,17138,30050,12225,2206,2641,20837,2656,3201,482,1526,8693,10617,26583,15169,2091,2877,-111,-957,3795,-319,9420,31606,65958,16741,63943,29454,13715,6663,2039,4321,10736,30,4345,11470,6155,3909,30543,8451,8801,10692,7472,4034,118231,61886,63150,80460,14378,20524,31679,23092,9068,7625,48209,26403,56996,132877,108795,153584,67706,60636,25331,30845,25378,41821,88387,2740,64765,27636,99164,47198,22491,81240,62777,33532,21104,35456,14952,7563,32903,15268,11675,31174,8512,16318,31240,14444,9441,14497,25730,11948,121900,5178,52211,76556,37889,26309,32223,23976,26721,27662,37412,20569,59047,1670,23831,24159,22011,15377,43489,45354,37200,65404,96738,20816,6929,17256,23197,3066,6935,12935,57074,19616,5904,31165,3389,4538,1978,5519,10994,7760,6045,18241,23460,23087,7958,9165,30166,19578,64138,4591,4683,3872,27068,129169,79147,13637,8584,9190,2377,24844,-1026,3170,5063,4615,3731,9379,10735
Net generation-combustion (gas) turbine (including jet engine design)-,megawatthours,,,,,,,,,,,,,,,,,,,,,,,,,,,,,,,,,,,,,,,,,,,,,,,,,,,,,,,,,,,,,,,,,,,,,,,,,,,,,,,,,,,,,,,,,,,,,,,,,,,,,,,,,,,,,,,,,,,,,,,,,,,,,,,,,,,,,,,,,,,,,,,,,,,,,,,,,,,,,,,,,,,,,,,,,,,,,,,,,,,,,,,,,,,,,,,,,,,,,,,,,,,,,,,,,,,,,,,,,,,,,,,,,,,,,,,,,,,,,,,,,,,,,,,,,,,,,,,,,,,,,,,,,,,,,,,
Net generation-photovoltaic-,megawatthours,--,--,--,--,--,--,--,--,--,--,--,--,--,--,--,--,--,--,--,--,--,--,--,--,--,--,--,--,--,--,--,--,--,--,--,--,--,--,--,--,--,--,--,--,--,--,--,--,--,--,--,--,--,--,--,--,--,--,--,--,--,--,--,--,--,--,--,--,--,--,--,--,--,--,--,--,--,--,--,--,--,--,--,--,--,--,--,--,--,--,--,--,--,--,--,--,--,--,--,--,--,--,--,--,--,--,--,--,--,--,--,--,--,--,--,--,--,--,--,--,--,--,--,--,--,--,--,--,--,--,--,--,--,--,--,--,--,--,--,--,--,--,--,--,--,--,--,--,--,--,--,--,--,--,--,--,--,--,--,--,--,--,--,--,--,--,--,--,--,--,--,--,--,--,--,--,--,--,--,--,--,--,--,--,0,2235,1969,1948,1912,1619,1224,825,511,1146,1527,1694,1930,2165,1876,1580,1707,1467,1022,824,831,832,1424,1782,2062,2072,2086,1804,1269,1396,779,693,746,833,1519,1719,1795,1842,2084,2005,1852,1397,1033,660,808,826,1242,1637,1768,1907,2059,1774,1588,1186,1121,689,709,570,1602,1691,1888,1772,1859,1683,1565,1244,1165,779,658,1098,1433,1539,1797,2104,1724,1816,1658,1555,965,695,659,1066,1346,1804,1855,1771,1805
Net generation-photovoltaic-,megawatthours,,,,,,,,,,,,,,,,,,,,,,,,,,,,,,,,,,,,,,,,,,,,,,,,,,,,,,,,,,,,,,,,,,,,,,,,,,,,,,,,,,,,,,,,,,,,,,,,,,,,,,,,,,,,,,,,,,,,,,,,,,,,,,,,,,,,,,,,,,,,,,,,,,,,,,,,,,,,,,,,,,,,,,,,,,,,,,,,,,,,,,,,,,,,,,,,,,,,,,,,,,,,,,,,,,,,,,,,,,,,,,,,,,,,,,,,,,,,,,,,,,,,,,,,,,,,,,,,,,,,,,,,,,,,,,,
Net generation-steam turbine-,megawatthours,--,--,--,--,--,--,--,--,--,--,--,--,--,--,--,--,--,--,--,--,--,--,--,--,435416,347377,206307,362850,392519,322197,389517,389703,323293,247891,322581,352848,375876,396928,283393,134575,384531,346010,370285,319779,318279,341529,160749,349817,384473,355817,390959,209752,70428,176914,404932,419016,213933,160542,128207,303724,276648,278273,285583,310594,160563,275232,323263,369675,273144,256203,333507,318092,339262,388835,335606,144204,333561,344519,339647,422001,285113,309785,323192,333498,347914,333443,416685,266618,263928,370729,386091,364498,328474,315007,372415,352152,364609,259864,208931,72491,123433,195879,224956,253312,147302,169300,171115,307798,355644,289330,192239,101701,168732,330779,325135,341464,232278,181726,220385,258748,287544,205398,295983,131001,281756,271773,308784,311087,118561,38736,90354,150428,118490,183838,143301,145018,258173,292716,330356,306330,201732,43186,97846,241271,285054,226693,223443,277291,277008,229411,217342,239211,222186,205293,214586,231917,257124,232624,281938,81128,304707,229738,228023,255338,172992,156602,221419,209831,214640,196172,196746,108699,180728,203796,206878,226305,168368,60964,130609,134768,143491,99503,11111,117631,153347,246146,234144,196603,189639,126662,126609,82644,100744,14388,162296,101925,86029,145470,183698,118523,57851,167903,216245,57112,232423,92841,284448,90596,175819,212997,154159,99506,154683,227704,289421,16689,126288,16656,153959,144551,94701,20731,131896,96290,131717,18598,-2221,19294,99040,82747,39434,111426,118152,82100,134016,119477,107914,93671,29048,51653,16934,137895,106360,105063,78253,98699,125700,90765,9254,119806,25869,15982,135958,89721,88540,97530,49246,134856,98042,67027,47568,53305,70443,51257,29737,1296,17087,109168,1510,120856,147411
Net generation-steam turbine-,megawatthours,--,--,--,--,--,--,--,--,--,--,--,--,--,--,--,--,--,--,--,--,--,--,--,--,77,44,888,512,130,1670,29,0,570,452,328,315,774,79,136,224,682,539,591,552,67,430,343,226,364,383,531,109,284,1086,192,194,225,62,175,1234,676,712,734,416,636,536,601,436,418,385,80,78,425,55,295,65,560,151,1146,343,314,202,969,577,205,387,377,1010,743,359,277,677,271,588,98,515,286,465,242,808,382,849,679,600,757,494,564,179,304,109,492,114,674,187,404,512,600,318,648,429,326,603,598,611,511,379,270,102,350,528,1645,597,734,488,771,896,332,515,108,213,395,369,867,678,344,362,852,279,310,308,533,465,403,542,234,458,149,307,334,828,335,540,360,180,315,121,424,560,307,180,167,311,749,411,550,168,359,170,446,259,640,724,168,867,408,303,403,719,289,845,681,233,565,272,295,253,650,438,304,376,192,246,104,819,608,469,877,136,527,256,63,322,114,465,224,7,662,401,2,5,279,236,316,306,221,20,-4,882,341,247,11,290,0,7,281,39,1,250,38,1175,208,0,149,211,291,424,8,459,203,0,18,281,332,361,4,320,602,62,140,405,374,13,267,254,810,0,252,7,235,354,348
Fuel consumption MMBtus-all primemovers-,MMBtu,3524727,3481172,4226167,2455933,2968353,2805922,3796641,4511548,3711816,4103830,2998215,2382622,4077663,3158767,4125458,3671550,3487727,4465973,5164458,4271720,3866618,648098,2141041,3367908,4699680,--,2203785,--,4099728,3381707,4118610,4214347,3414753,2641734,3374005,3680218,4006132,4122696,3014298,1529443,4106540,3751023,3979339,3499217,3385166,3606535,1721872,3741090,4305662,3721169,4111747,2428431,1792331,3455037,4641737,4862518,2762915,1839725,1649731,3675931,2981517,3009876,3188066,3279236,2117343,3796147,4931034,5079707,2981441,2715667,3496916,3330246,3549286,4153008,3523492,1795105,3671501,3709654,3636002,5522199,3264059,3399924,3428034,3681814,3805793,3685410,4405799,2827416,2815608,4000372,4193268,3978848,3481987,3309507,3973531,3863772,4138103,2985203,2317016,893321,1318566,2213067,2498547,2786751,1737024,1858740,1832939,3334505,4015152,3149823,2043634,1128577,1948252,3855894,3758810,4106093,2764789,2054455,2517907,3225427,3285852,2397403,3304380,1583209,3340136,3230709,3806398,3661806,1448478,640913,1175647,1758167,1460696,2181632,1818425,2056840,3654523,3429393,4351655,3728739,2434994,635779,1194909,2769049,3325789,2551958,2550604,3230025,3093968,2676791,2870018,2813521,2624100,2472987,2548562,2754266,4562451,3369567,3890358,1892346,3553620,2874452,2982662,3177809,2105694,1964227,3184962,2768454,3180578,3880533,3427406,2990993,2959499,3140811,2777226,2977914,2282471,1301957,2621597,1611115,2549773,1581763,1414105,1976760,2076100,3879521,3524601,2738673,2467517,1943659,1672976,1139585,1656303,419865,2048710,1604565,1202427,1925163,2544217,1595640,852054,2156325,2765308,901387,4095623,1201870,3886914,1931659,2797091,2912753,2190606,1525715,2125059,2942135,3731234,517729,2238491,301125,2047107,1994082,1447422,488430,2094330,1712722,2006057,990664,1091653,579310,1344357,1292679,755298,1358566,1472126,1137612,2270246,1666221,1362170,1463867,421595,635264,281625,1700230,1443594,1355882,1027762,1416140,1797377,1422433,264639,1553649,704056,455064,2289979,1162631,1144471,1230388,953563,2938948,2137322,1061040,740685,795472,880642,1050383,427814,94431,295706,1294454,145632,1510987,1838035
Fuel consumption MMBtus-all primemovers-,MMBtu,3490079,3444269,4104584,2223845,2765077,2551850,3410603,4043888,3529661,4048794,2937737,2292163,3898512,3060840,4013112,3263830,3370843,4045338,4227816,3798811,3522263,551880,2011719,3313161,4504242,3592461,2150034,3753580,4049652,3364052,4067275,4085140,3408831,2637053,3342944,3633845,3917000,4084103,2959216,1423232,4020593,3649993,3950958,3443976,3384458,3586797,1718098,3736700,4029724,3706393,4096322,2217975,779017,1874650,4245998,4406161,2222612,1643487,1299281,3177193,2903714,2878374,2972420,3263694,1715954,2986317,3482940,3942841,2928174,2707240,3484267,3301743,3536472,3991535,3473258,1555051,3505439,3581876,3570520,4411462,2959206,3208949,3357461,3477750,3624130,3550546,4324500,2810697,2789070,3875840,4066801,3845570,3434165,3302085,3883843,3763281,3822515,2729755,2215805,817458,1309546,2119712,2373822,2713069,1589667,1836712,1821773,3280122,3777815,3108901,2033017,1063211,1836778,3606524,3513527,3706265,2590619,2011817,2462691,2915336,3233077,2318249,3269708,1545224,3203844,3077234,3447205,3453435,1404111,552624,1139894,1750102,1390431,2166631,1687924,1671550,2889802,3214735,3601409,3353023,2255019,534604,1146559,2696797,3170990,2533019,2468647,3070422,3005302,2612261,2480128,2693752,2506244,2331010,2442562,2678237,2925577,2660641,3143729,925425,3364193,2615070,2578334,2889113,1981472,1863415,2521825,2423115,2480403,2289636,2242703,1249825,2070143,2371506,2410200,2576753,1951280,775735,1540208,1560938,1718017,1175646,176679,1377979,1776244,2817407,2693661,2280670,2176440,1478981,1458196,1014890,1222516,210606,1875954,1207598,1051281,1683042,2118096,1382155,706069,1954818,2434757,719808,2647233,1120731,3291234,1096041,2144608,2538951,1763405,1193801,1767440,2567846,3235356,236927,1527638,240549,1762037,1657810,1138397,276903,1555707,1162131,1548329,239864,0,320919,1243172,1075110,472986,1293872,1366778,959634,1531958,1417655,1271370,1110548,354913,543642,233653,1603707,1281241,1226289,929497,1171122,1496824,1113196,142073,1427775,320023,224123,1565264,1081943,1066031,1152223,606432,1443276,1189915,836939,606348,659267,833150,643141,413765,42874,216150,1224652,71455,1377506,1687437
Fuel consumption MMBtus-all primemovers-,MMBtu,31905,2064,2040,61305,14588,23026,13618,8702,4192,1123,3287,46922,133308,4790,5394,160974,7366,82,1136,6264,3758,4304,23804,10684,16681,--,19245,5214,1351,17655,302,0,5922,4681,3347,16999,24558,795,26175,2291,7018,5580,6264,6009,708,4482,3774,2466,86669,4103,5613,1154,59584,11527,2025,2046,13816,640,1780,12965,16761,7636,11174,5409,7293,68944,15174,4711,8600,4144,1944,830,6067,2090,35564,28896,5880,1568,12042,3582,3255,2095,10067,74105,2140,4122,3916,10643,7856,3757,2922,7138,2834,6868,25537,51938,3416,23861,2570,9108,4057,12160,7168,6427,8167,5363,6003,1911,6103,1170,5198,1194,7332,24590,4369,5562,6691,3516,7244,4833,3663,6809,6603,7203,6021,4292,3016,1129,4140,7538,20751,6944,8614,5757,9079,10331,3716,5657,1176,2328,4416,4569,10443,8114,3828,4045,11637,3093,3363,3504,6080,5239,4551,6150,3346,6274,1699,3510,3728,9449,4287,7755,22944,2034,4016,1435,7755,7885,3552,2099,1905,3581,11213,4780,26113,1911,4157,2158,5257,4863,11349,42901,2664,10155,4722,4198,4639,8338,3322,9873,9255,2858,6856,3981,3405,2999,8338,5063,3504,4381,2340,2869,1170,11924,6927,5657,10143,1646,6433,4792,723,3863,1305,5245,5292,25819,8009,25525,18,53,3357,5140,3722,3699,2599,259,0,17598,4287,3205,129,3363,2434,82,23743,459,12,2969,465,12366,5528,118,1799,2464,4064,5033,94,5633,3122,0,218,4640,3822,4351,47,8420,8126,664,1705,5051,4769,165,3158,87165,11266,0,3187,76,11113,5045,3987
Fuel consumption MMBtus-all primemovers-,MMBtu,2743,34839,119543,170783,188688,231046,372420,458958,177963,53913,57191,43537,45843,93137,106952,246746,109518,420553,935506,466645,340597,91914,105518,44063,178757,0,34506,--,48725,0,51033,129207,0,0,27714,29374,64574,37798,28907,103920,78929,95450,22117,49232,0,15256,0,1924,189269,10673,9813,209302,953730,1568860,393713,454311,526487,195598,348670,485772,61042,123866,204472,10133,394096,740886,1432920,1132155,44667,4283,10705,27673,6747,159383,14670,211158,160182,126210,53440,1107155,301598,188880,60506,129959,179523,130742,77383,6076,18682,120775,123545,126140,44988,554,64151,48553,312172,231587,98641,66755,4963,81195,117557,67255,139190,16665,5163,52472,231234,39752,5419,64172,104142,224780,240914,394266,167479,39122,47972,305258,49112,72345,28069,30782,130271,149183,356177,207242,40227,80751,15002,1121,61651,9244,121422,374959,761005,209001,749070,373388,175559,96606,37907,64138,150971,14894,70320,156510,85303,61026,383810,114530,113305,135827,102654,69755,1635175,705416,742901,957472,185140,251627,381384,286662,120206,99377,655382,337454,696623,1588798,1182798,1737587,878143,764525,340913,399250,327034,524064,1076132,45314,820407,363216,1234762,588626,295134,1037282,808123,431681,270103,439858,194225,114221,422223,194720,155283,378361,125027,217112,405333,194547,127918,185123,319965,162063,1433898,67907,572573,817749,627278,350147,407487,311627,344761,356335,483494,248674,696201,27633,271525,320911,289684,189984,516343,529037,438637,738101,1082454,234916,89814,207122,271294,46979,87414,161177,696494,232554,76866,339952,56389,73216,36174,91364,146386,112174,77504,224313,284018,288720,105603,114872,373512,219412,715074,66627,65721,56136,323114,1476402,930457,202991,114906,122289,35801,313931,534,47920,71776,63571,56735,122393,140452
Fuel consumption MMBtus-all primemovers-,MMBtu,--,--,--,--,--,--,--,--,--,--,--,--,--,--,--,--,--,--,--,--,--,--,--,--,--,--,--,--,--,--,--,--,--,--,--,--,--,--,--,--,--,--,--,--,--,--,--,--,--,--,--,--,--,--,--,--,--,--,--,--,--,--,--,--,--,--,--,--,--,--,--,--,--,--,--,--,--,--,--,--,--,--,--,--,--,--,--,--,--,--,--,--,--,--,--,--,--,--,--,--,--,--,--,--,--,--,--,--,--,--,--,--,--,--,--,--,--,--,--,--,--,--,--,--,--,--,--,--,--,--,--,--,--,--,--,--,--,--,--,--,--,--,--,--,--,--,--,--,--,--,--,--,--,--,--,--,--,--,--,--,--,--,--,--,--,--,--,--,--,--,--,--,--,--,--,--,--,--,--,--,--,--,--,--,0,20634,18178,17984,17652,14947,11300,7616,4708,10558,14068,15607,17781,19946,17284,14557,15727,13515,9416,7592,7565,7575,12964,16223,18772,18863,18991,16424,11553,12709,7092,6309,6643,7418,13527,15308,15984,16403,18558,17855,16492,12440,9199,5877,7084,7242,10889,14352,15500,16719,18051,15553,13922,10398,9828,6040,6270,5041,14168,14955,16697,15672,16441,14884,13841,11002,10303,6889,5819,9710,12672,13609,15891,18606,15245,16059,14662,13751,8533,6146,2249,3637,4593,6155,6329,6043,6159
Fuel consumption MMBtus-all primemovers-,MMBtu,,,,,,,,,,,,,,,,,,,,,,,,,,,,,,,,,,,,,,,,,,,,,,,,,,,,,,,,,,,,,,,,,,,,,,,,,,,,,,,,,,,,,,,,,,,,,,,,,,,,,,,,,,,,,,,,,,,,,,,,,,,,,,,,,,,,,,,,,,,,,,,,,,,,,,,,,,,,,,,,,,,,,,,,,,,,,,,,,,,,,,,,,,,,,,,,,,,,,,,,,,,,,,,,,,,,,,,,,,,,,,,,,,,,,,,,,,,,,,,,,,,,,,,,,,,,,,,,,,,,,,,,,,,,,,,
Fuel consumption MMBtus-combustion (gas) turbine (including jet engine design)-,MMBtu,--,--,--,--,--,--,--,--,--,--,--,--,--,--,--,--,--,--,--,--,--,--,--,--,15869,--,10243,0,0,0,0,0,0,0,0,13763,16484,0,24766,0,0,0,0,0,0,0,0,0,82820,76,0,0,56436,0,0,0,11460,0,0,0,9636,244,3523,1039,460,63098,8645,0,4046,0,1089,0,1638,1526,32516,28197,0,0,0,0,0,0,0,68085,0,0,0,0,0,0,--,--,--,706,24514,46434,417,18975,0,0,0,2975,0,0,0,0,0,0,2875,0,0,0,0,22556,0,0,0,0,0,0,0,0,0,0,206,0,0,0,0,0,0,0,0,0,0,0,0,0,0,0,0,0,288,535,0,0,2223,0,0,0,0,0,0,0,682,982,0,0,--,0,588,1605,18875,0,412,0,2928,1423,0,0,0,0,2634,0,19704,0,0,0,0,1864,3681,34351,0,0,0,729,0,0,0,0,1417,0,0,0,0,0,394,0,0,0,0,0,0,1599,0,0,0,0,0,1746,0,0,0,0,2793,25719,0,19727,0,0,0,1982,0,0,0,0,0,2922,0,0,0,0,2434,0,20533,0,0,0,0,0,2664,118,0,0,612,0,0,0,0,0,0,706,0,0,0,4639,717,0,0,0,0,0,0,83972,0,0,0,0,0,1011,0
Fuel consumption MMBtus-combustion (gas) turbine (including jet engine design)-,MMBtu,--,--,--,--,--,--,--,--,--,--,--,--,--,--,--,--,--,--,--,--,--,--,--,--,178757,0,34506,--,48725,0,51033,129207,0,0,27714,29374,64574,37798,28907,103920,78929,95450,22117,49232,0,15256,0,1924,189269,10673,9813,209302,953730,1568860,393713,454311,526487,195598,348670,485772,61042,123866,204472,10133,394096,740886,1432920,1132155,44667,4283,10705,27673,6747,159383,14670,211158,160182,126210,53440,1107155,301598,188880,60506,129959,179523,130742,77383,6076,18682,120775,123545,126140,44988,554,64151,48553,312172,231587,98641,66755,4963,81195,117557,67255,139190,16665,5163,52472,231234,39752,5419,64172,104142,224780,240914,394266,167479,39122,47972,305258,49112,72345,28069,30782,130271,149183,356177,207242,40227,80751,15002,1121,61651,9244,121422,374959,761005,209001,749070,373388,175559,96606,37907,64138,150971,14894,70320,156510,85303,61026,383810,114530,113305,135827,102654,69755,1635175,705416,742901,957472,185140,251627,381384,286662,120206,99377,655382,337454,696623,1588798,1182798,1737587,878143,764525,340913,399250,327034,524064,1076132,45314,820407,363216,1234762,588626,295134,1037282,808123,431681,270103,439858,194225,114221,422223,194720,155283,378361,125027,217112,405333,194547,127918,185123,319965,162063,1433898,67907,572573,817749,627278,350147,407487,311627,344761,356335,483494,248674,696201,27633,271525,320911,289684,189984,516343,529037,438637,738101,1082454,234916,89814,207122,271294,46979,87414,161177,696494,232554,76866,339952,56389,73216,36174,91364,146386,112174,77504,224313,284018,288720,105603,114872,373512,219412,715074,66627,65721,56136,323114,1476402,930457,202991,114906,122289,35801,313931,534,47920,71776,63571,56735,122393,140452
Fuel consumption MMBtus-steam turbine-,MMBtu,--,--,--,--,--,--,--,--,--,--,--,--,--,--,--,--,--,--,--,--,--,--,--,--,4504242,3592461,2150034,3753580,4049652,3364052,4067275,4085140,3408831,2637053,3342944,3633845,3917000,4084103,2959216,1423232,4020593,3649993,3950958,3443976,3384458,3586797,1718098,3736700,4029724,3706393,4096322,2217975,779017,1874650,4245998,4406161,2222612,1643487,1299281,3177193,2903714,2878374,2972420,3263694,1715954,2986317,3482940,3942841,2928174,2707240,3484267,3301743,3536472,3991535,3473258,1555051,3505439,3581876,3570520,4411462,2959206,3208949,3357461,3477750,3624130,3550546,4324500,2810697,2789070,3875840,4066801,3845570,3434165,3302085,3883843,3763281,3822515,2729755,2215805,817458,1309546,2119712,2373822,2713069,1589667,1836712,1821773,3280122,3777815,3108901,2033017,1063211,1836778,3606524,3513527,3706265,2590619,2011817,2462691,2915336,3233077,2318249,3269708,1545224,3203844,3077234,3447205,3453435,1404111,552624,1139894,1750102,1390431,2166631,1687924,1671550,2889802,3214735,3601409,3353023,2255019,534604,1146559,2696797,3170990,2533019,2468647,3070422,3005302,2612261,2480128,2693752,2506244,2331010,2442562,2678237,2925577,2660641,3143729,925425,3364193,2615070,2578334,2889113,1981472,1863415,2521825,2423115,2480403,2289636,2242703,1249825,2070143,2371506,2410200,2576753,1951280,775735,1540208,1560938,1718017,1175646,176679,1377979,1776244,2817407,2693661,2280670,2176440,1478981,1458196,1014890,1222516,210606,1875954,1207598,1051281,1683042,2118096,1382155,706069,1954818,2434757,719808,2647233,1120731,3291234,1096041,2144608,2538951,1763405,1193801,1767440,2567846,3235356,236927,1527638,240549,1762037,1657810,1138397,276903,1555707,1162131,1548329,239864,0,320919,1243172,1075110,472986,1293872,1366778,959634,1531958,1417655,1271370,1110548,354913,543642,233653,1603707,1281241,1226289,929497,1171122,1496824,1113196,142073,1427775,320023,224123,1565264,1081943,1066031,1152223,606432,1443276,1189915,836939,606348,659267,833150,643141,413765,42874,216150,1224652,71455,1377506,1687437
Fuel consumption MMBtus-steam turbine-,MMBtu,--,--,--,--,--,--,--,--,--,--,--,--,--,--,--,--,--,--,--,--,--,--,--,--,812,464,9002,5214,1351,17655,302,0,5922,4681,3347,3236,8074,795,1409,2291,7018,5580,6264,6009,708,4482,3774,2466,3849,4027,5613,1154,3148,11527,2025,2046,2356,640,1780,12965,7125,7392,7651,4370,6833,5846,6529,4711,4554,4144,855,830,4429,564,3048,699,5880,1568,12042,3582,3255,2095,10067,6020,2140,4122,3916,10643,7856,3757,2922,7138,2834,6162,1023,5504,2999,4886,2570,9108,4057,9185,7168,6427,8167,5363,6003,1911,3228,1170,5198,1194,7332,2034,4369,5562,6691,3516,7244,4833,3663,6809,6603,7203,5815,4292,3016,1129,4140,7538,20751,6944,8614,5757,9079,10331,3716,5657,1176,2328,4416,4569,10155,7579,3828,4045,9414,3093,3363,3504,6080,5239,4551,6150,2664,5292,1699,3510,3728,9449,3699,6150,4069,2034,3604,1435,4827,6462,3552,2099,1905,3581,8579,4780,6409,1911,4157,2158,5257,2999,7668,8550,2664,10155,4722,3469,4639,8338,3322,9873,7838,2858,6856,3981,3405,2999,7944,5063,3504,4381,2340,2869,1170,10325,6927,5657,10143,1646,6433,3046,723,3863,1305,5245,2499,100,8009,5798,18,53,3357,3158,3722,3699,2599,259,0,14676,4287,3205,129,3363,0,82,3210,459,12,2969,465,12366,2864,0,1799,2464,3452,5033,94,5633,3122,0,218,3934,3822,4351,47,3781,7409,664,1705,5051,4769,165,3158,3193,11266,0,3187,76,11113,4034,3987
